{"cameraMode":{"drawMode":0,"name":"Shaded","section":"Shading Mode"},"sceneLighting":false,"audioPlay":false,"sceneViewState":{"m_AlwaysRefresh":false,"showFog":true,"showSkybox":false,"showFlares":true,"showImageEffects":true,"showParticleSystems":true,"showVisualEffectGraphs":true,"m_FxEnabled":true},"in2DMode":false,"pivot":{"x":136.1483154296875,"y":813.4791259765625,"z":31.8773193359375},"rotation":{"x":0.04679225757718086,"y":0.001495105680078268,"z":-0.00007055201422190294,"w":0.9989017248153687},"size":172.66175842285157,"orthographic":false}