{"cameraMode":{"drawMode":0,"name":"Shaded","section":"Shading Mode"},"sceneLighting":false,"audioPlay":false,"sceneViewState":{"m_AlwaysRefresh":false,"showFog":true,"showSkybox":false,"showFlares":true,"showImageEffects":true,"showParticleSystems":true,"showVisualEffectGraphs":true,"m_FxEnabled":true},"in2DMode":false,"pivot":{"x":129.2705535888672,"y":519.3700561523438,"z":-86.35235595703125},"rotation":{"x":0.1422971785068512,"y":-0.019303500652313234,"z":0.0027750981971621515,"w":0.9896296858787537},"size":382.51263427734377,"orthographic":false}